Date,Open,High,Low,Close,Adj Close,Volume
2000-11-06,0.400670,0.404018,0.372768,0.382813,0.323650,393478400
1992-05-07,0.549107,0.555804,0.540179,0.542411,0.438665,172356800
2010-11-11,11.250000,11.371429,11.223214,11.308929,9.561167,361284000
2008-09-26,4.461071,4.635714,4.392857,4.580000,3.872173,1126451200
2011-05-16,12.114286,12.186429,11.878571,11.903571,10.063908,449775200
2007-04-25,3.365357,3.407143,3.350000,3.405357,2.879069,1187144000
2008-06-02,6.735714,6.773214,6.590357,6.646429,5.619242,679840000
2018-07-26,48.652500,48.990002,48.402500,48.552502,46.155304,76304000
1989-01-13,0.381696,0.388393,0.378348,0.386161,0.302073,193905600
1981-05-26,0.140067,0.140067,0.139509,0.139509,0.107672,85344000
1998-06-12,0.246652,0.252232,0.244420,0.251116,0.212307,223854400
2005-08-02,1.531786,1.553571,1.521786,1.542500,1.304111,296875600
2014-07-17,23.757500,23.820000,23.142500,23.272499,20.585348,229192000
2005-07-27,1.565357,1.573929,1.523929,1.571071,1.328266,283749200
2012-03-09,19.436071,19.562143,19.396786,19.470358,16.461267,418919200
2006-04-05,2.311071,2.400357,2.291071,2.400357,2.029388,2233408800
2001-12-20,0.382143,0.383393,0.368214,0.369107,0.312063,220864000
2006-07-13,1.858214,1.932857,1.836071,1.866071,1.577675,1249906000
1988-09-20,0.372768,0.377232,0.369420,0.370536,0.289088,102681600
2018-08-17,53.360001,54.487499,53.290001,54.395000,51.890686,141708000
2000-01-11,0.856585,0.887277,0.808036,0.828125,0.700141,441548800
2014-01-21,19.321072,19.645357,19.300714,19.609644,17.146448,328526800
1999-09-23,0.635045,0.636161,0.562500,0.565290,0.477926,1143755200
1991-11-27,0.457589,0.459821,0.450893,0.455357,0.367574,63235200
1987-05-19,0.338170,0.338170,0.324219,0.327009,0.252767,239680000
1992-10-06,0.390625,0.401786,0.381696,0.399554,0.324653,113444800
2005-03-11,1.436071,1.449643,1.421429,1.438214,1.215942,632830800
1988-09-28,0.388393,0.393973,0.386161,0.388393,0.303019,84694400
1992-12-24,0.535714,0.535714,0.526786,0.526786,0.428944,45964800
2010-09-08,9.277857,9.442500,9.253571,9.390000,7.938799,526551200
2011-05-03,12.428214,12.496071,12.343571,12.435714,10.513807,313348000
1989-12-08,0.379464,0.383929,0.368304,0.372768,0.294460,252582400
2007-04-09,3.400357,3.403571,3.322857,3.344643,2.827738,413341600
1993-04-15,0.430804,0.430804,0.417411,0.421875,0.344268,218702400
2020-06-15,83.312500,86.419998,83.144997,85.747498,83.742317,138808800
2003-05-21,0.317679,0.323036,0.315536,0.318750,0.269488,305009600
2009-04-16,4.256786,4.398214,4.242500,4.337500,3.667151,593446000
2020-07-27,93.709999,94.904999,93.480003,94.809998,92.592873,121214000
2006-05-08,2.606786,2.635714,2.561429,2.567500,2.170700,594851600
1998-03-18,0.232143,0.240513,0.232143,0.240513,0.203342,276998400
2011-02-28,12.544286,12.680357,12.540000,12.614643,10.665085,403074000
2011-08-26,13.256071,13.707143,13.242857,13.699286,11.582100,641477200
1994-02-22,0.323661,0.334821,0.319196,0.332589,0.275138,214569600
2010-08-13,8.987500,8.995714,8.896071,8.896429,7.521510,354869200
1989-07-11,0.363839,0.366071,0.354911,0.354911,0.279003,243924800
2015-07-30,30.580000,30.642500,30.427500,30.592501,27.534996,134513200
2023-03-14,151.279999,153.399994,150.100006,152.589996,151.574249,73695900
2023-11-14,187.699997,188.110001,186.300003,187.440002,186.947556,60108400
2008-04-01,5.225000,5.345000,5.128929,5.340357,4.515019,1032567200
1981-06-12,0.145647,0.145647,0.145089,0.145089,0.111978,25804800
1993-02-08,0.508929,0.513393,0.495536,0.504464,0.410768,281075200
2002-11-22,0.287321,0.291071,0.283929,0.285893,0.241709,227858400
2010-04-14,8.760000,8.778929,8.716786,8.774643,7.418544,404076400
2003-12-30,0.378214,0.383929,0.377679,0.380000,0.321272,204853600
1993-07-22,0.232143,0.241071,0.229911,0.236607,0.193485,211176000
1988-03-08,0.417411,0.419643,0.410714,0.412946,0.320934,144480000
2007-07-05,4.600000,4.748929,4.596071,4.741071,4.008350,1453051600
2002-10-28,0.277679,0.284821,0.272321,0.278750,0.235670,349300000
2015-11-12,29.065001,29.205000,28.912500,28.930000,26.268476,130102400
2007-12-26,7.107500,7.177143,7.029286,7.105357,6.007244,703732400
2015-02-05,30.004999,30.057501,29.812500,29.985001,26.875956,168984800
2016-02-02,23.855000,24.010000,23.570000,23.620001,21.446987,149428800
1987-08-14,0.433036,0.446429,0.428571,0.437500,0.338609,104854400
1996-06-24,0.202009,0.202009,0.197545,0.198661,0.167959,122763200
1983-12-07,0.091518,0.095982,0.090402,0.093750,0.072355,89152000
2000-03-14,1.082310,1.109375,1.017857,1.020089,0.862437,428579200
1983-06-23,0.246094,0.246094,0.238839,0.239397,0.184764,133996800
2009-12-14,6.977500,7.051071,6.877143,7.035000,5.947760,495790400
2000-02-02,0.899554,0.911830,0.866071,0.882254,0.745904,464195200
1990-06-29,0.383929,0.400670,0.381696,0.399554,0.317514,325192000
2013-07-16,15.232857,15.382500,15.148929,15.364286,13.268759,216538000
2015-06-17,31.930000,31.969999,31.684999,31.825001,28.644316,131672400
1987-03-02,0.313616,0.314732,0.299107,0.301339,0.232571,396480000
2005-09-02,1.653571,1.671429,1.647143,1.650714,1.395601,222378800
1987-12-23,0.372768,0.381696,0.368304,0.377232,0.292601,171360000
1981-05-28,0.147321,0.147879,0.147321,0.147321,0.113701,73987200
1984-03-19,0.118304,0.118304,0.115513,0.117188,0.090445,82588800
2005-01-12,1.168750,1.176786,1.130357,1.168929,0.988274,1919702400
2016-09-13,26.877501,27.197500,26.809999,26.987499,24.921944,248704800
2019-06-21,49.700001,50.212502,49.537498,49.695000,47.960522,191202400
2000-02-24,1.047433,1.063616,0.997768,1.028599,0.869632,376432000
2023-11-29,190.899994,192.089996,188.970001,189.369995,188.872482,43014200
1992-01-23,0.573661,0.578125,0.562500,0.575893,0.464874,138353600
2012-04-24,20.093214,20.274643,19.821428,20.010000,16.917511,1076149200
1989-05-19,0.399554,0.412946,0.399554,0.408482,0.320415,330769600
2022-01-10,169.080002,172.500000,168.169998,172.190002,169.797577,106765600
2021-08-09,146.199997,146.699997,145.520004,146.089996,143.850235,48908700
1992-04-22,0.502232,0.517857,0.502232,0.514509,0.416100,171528000
1994-05-09,0.287946,0.290179,0.274554,0.279018,0.230820,140470400
2022-01-03,177.830002,182.880005,177.710007,182.009995,179.481125,104487900
2009-09-30,6.647500,6.658929,6.521786,6.619643,5.596596,539585200
2017-01-23,30.000000,30.202499,29.942499,30.020000,27.864670,88200800
2021-03-23,123.330002,124.239998,122.139999,122.540001,120.276497,95467100
2000-07-14,1.020089,1.053571,1.015625,1.030134,0.870929,190276800
2023-05-12,173.619995,174.059998,171.000000,172.570007,171.658386,45497800
2012-03-30,21.741785,21.805714,21.355000,21.412500,18.103266,731038000
1991-10-09,0.430804,0.435268,0.426339,0.428571,0.345122,132742400
2010-05-05,9.036786,9.219286,8.883214,9.142500,7.729550,883103200
1999-05-07,0.398438,0.409598,0.381696,0.409598,0.346296,434716800
2014-12-29,28.447500,28.692499,28.424999,28.477501,25.424416,110395600
2013-03-07,15.160714,15.428929,15.037857,15.377857,13.193151,468473600
2003-07-21,0.369464,0.371429,0.362500,0.368036,0.311157,183808800
1984-03-30,0.113281,0.113839,0.109375,0.110491,0.085276,45740800
1998-10-13,0.339844,0.349888,0.321429,0.345982,0.292511,941628800
1982-01-25,0.090402,0.090402,0.089844,0.089844,0.069341,44710400
1999-12-09,0.991071,0.991071,0.900670,0.939732,0.794499,855198400
2021-06-17,129.800003,132.550003,129.649994,131.789993,129.575348,96721700
1982-11-17,0.133929,0.140625,0.133929,0.140067,0.108102,144144000
1992-09-14,0.437500,0.446429,0.433036,0.441964,0.359112,214681600
2004-10-12,0.687500,0.688929,0.672321,0.683750,0.578078,460191200
2014-05-28,22.357857,22.493929,22.277857,22.286072,19.712812,315481600
2014-08-01,23.725000,24.155001,23.702499,24.032499,21.257595,194044000
1986-04-23,0.133371,0.135603,0.131138,0.132254,0.102072,261475200
2020-07-22,96.692497,97.974998,96.602501,97.272499,94.997787,89001600
2004-03-04,0.427321,0.450357,0.426964,0.449286,0.379850,660223200
2021-11-29,159.369995,161.190002,158.789993,160.240005,158.013596,88748200
1998-11-12,0.295759,0.307478,0.293527,0.303571,0.256655,595100800
1988-08-04,0.399554,0.404018,0.397321,0.398438,0.310271,68913600
2005-11-18,2.332500,2.336786,2.298929,2.305714,1.949372,524960800
1996-10-04,0.204241,0.206473,0.197545,0.203683,0.172204,133459200
2011-03-07,12.907143,12.916786,12.546786,12.691429,10.730001,546123200
2005-11-21,2.315000,2.328214,2.275714,2.320000,1.961450,511711200
2012-08-10,22.096786,22.205713,22.096430,22.203571,18.852665,194938800
1989-06-07,0.417411,0.433036,0.417411,0.430804,0.338664,175672000
2002-12-04,0.271071,0.271250,0.258929,0.267321,0.226007,325757600
2015-03-16,30.969999,31.237499,30.717501,31.237499,27.998581,143497200
2013-11-01,18.715000,18.742857,18.422857,18.572500,16.145309,274890000
1996-10-29,0.219866,0.220982,0.206473,0.207589,0.175507,199628800
1999-06-01,0.401786,0.404576,0.396205,0.400112,0.338276,461025600
2006-06-13,2.057500,2.110714,2.048571,2.083214,1.761259,1080643200
1986-05-09,0.147321,0.150112,0.146205,0.148996,0.114994,222499200
1986-04-28,0.143973,0.146205,0.141741,0.142857,0.110256,145532800
2007-12-31,7.125000,7.160714,7.062500,7.074286,5.980976,539333200
2011-12-05,14.053214,14.157500,13.942500,14.036071,11.866833,357210000
2016-12-28,29.379999,29.504999,29.049999,29.190001,27.094259,83623600
2017-09-18,40.027500,40.125000,39.500000,39.667500,37.277588,113077600
1991-04-10,0.611607,0.618304,0.595982,0.597098,0.478527,216406400
1995-08-11,0.382813,0.385045,0.373884,0.384487,0.323174,206931200
2008-06-30,6.078214,6.142857,5.950714,5.980000,5.055807,684196800
2012-11-27,21.055357,21.086430,20.717857,20.885000,17.814089,533330000
2022-04-25,161.119995,163.169998,158.460007,162.880005,160.821579,96046400
2022-08-19,173.029999,173.740005,171.309998,171.520004,169.836792,70346300
2020-02-10,78.544998,80.387497,78.462502,80.387497,78.295700,109348800
1992-12-17,0.493304,0.513393,0.493304,0.507813,0.413495,233867200
1996-08-26,0.213170,0.215402,0.209821,0.215402,0.182112,89678400
1985-01-21,0.130580,0.131696,0.130580,0.130580,0.100780,325427200
2016-03-21,26.482500,26.912500,26.285000,26.477501,24.172064,142010800
2014-12-01,29.702499,29.812500,27.817499,28.767500,25.683325,335256000
2010-08-10,9.280357,9.301786,9.198214,9.264643,7.832816,451920000
1985-01-23,0.134487,0.135045,0.132254,0.132254,0.102072,430505600
1999-01-08,0.415737,0.418527,0.392857,0.401786,0.339691,678832000
2014-11-11,27.174999,27.437500,27.100000,27.424999,24.484758,109769200
2006-12-20,3.088214,3.095357,3.026429,3.027143,2.559306,567691600
2001-08-14,0.342857,0.345714,0.333393,0.334464,0.282774,228950400
2014-01-14,19.222143,19.526072,19.202143,19.513929,17.062757,332561600
1999-08-27,0.560268,0.580357,0.559710,0.578125,0.488777,446835200
1984-12-14,0.114955,0.118862,0.114955,0.117746,0.090875,96140800
2008-08-14,6.368929,6.444643,6.351429,6.404286,5.414522,711300800
1992-12-09,0.515625,0.517857,0.511161,0.514509,0.418947,159409600
1986-03-13,0.110491,0.111607,0.108817,0.110491,0.085276,115964800
1995-05-25,0.386161,0.392857,0.383929,0.387277,0.324619,182862400
1997-07-22,0.146205,0.148996,0.145647,0.147879,0.125025,231336000
2020-10-09,115.279999,117.000000,114.919998,116.970001,114.440643,100506900
2000-01-12,0.848214,0.852679,0.772321,0.778460,0.658151,976068800
2022-02-23,165.539993,166.149994,159.750000,160.070007,158.047058,90009200
1991-09-19,0.448661,0.450893,0.441964,0.444196,0.357705,178337600
2004-02-24,0.395357,0.406071,0.392857,0.399286,0.337578,259056000
1996-12-05,0.223214,0.225446,0.223214,0.223214,0.188717,142139200
1996-09-10,0.197545,0.197545,0.191964,0.191964,0.162296,155713600
2021-04-16,134.300003,134.669998,133.279999,134.160004,131.681839,84922400
1992-09-18,0.408482,0.418527,0.404018,0.415179,0.337348,115606400
1981-03-31,0.110491,0.110491,0.109375,0.109375,0.084415,15993600
2013-04-26,14.636071,14.956071,14.580357,14.900000,12.783185,764097600
1994-04-13,0.287946,0.290179,0.279018,0.283482,0.234513,233139200
1990-12-03,0.332589,0.341518,0.330357,0.340402,0.272233,165401600
1997-09-15,0.195313,0.197545,0.191964,0.191964,0.162296,96913600
2006-12-13,3.141071,3.181071,3.112500,3.180357,2.688842,857052000
2008-10-15,3.708571,3.821429,3.496071,3.498214,2.957575,1584175600
2013-11-07,18.556429,18.685356,18.299286,18.303213,16.004118,262620400
2000-05-05,0.989397,1.024554,0.988560,1.010045,0.853945,284076800
1997-02-28,0.150670,0.150670,0.145089,0.145089,0.122666,121878400
1992-01-21,0.573661,0.573661,0.544643,0.545759,0.440549,194084800
1993-12-22,0.243304,0.254464,0.241071,0.250000,0.206075,181372800
2002-11-21,0.283929,0.293571,0.281250,0.291964,0.246842,418482400
1997-02-25,0.151786,0.155134,0.150670,0.150670,0.127384,138084800
1999-03-11,0.287946,0.302455,0.285714,0.287388,0.242973,473659200
1997-11-13,0.160714,0.161272,0.156250,0.160714,0.135876,257521600
2015-06-03,32.665001,32.735001,32.474998,32.529999,29.278854,123934000
2020-03-02,70.570000,75.360001,69.430000,74.702499,72.758644,341397200
2004-12-23,1.138393,1.147321,1.135714,1.143036,0.966383,245929600
1986-10-27,0.149554,0.151786,0.148438,0.151786,0.117147,151200000
1993-12-08,0.285714,0.287946,0.281250,0.284598,0.234594,39592000
2004-05-07,0.474107,0.492321,0.474107,0.476250,0.402647,419036800
1988-08-10,0.390625,0.390625,0.372768,0.373884,0.291151,147806400
1982-06-15,0.059710,0.060268,0.059710,0.059710,0.046084,35212800
2005-08-22,1.648214,1.669643,1.616429,1.638214,1.385032,387732800
2018-12-26,37.075001,39.307499,36.680000,39.292500,37.614296,234330000
1984-10-02,0.110491,0.114397,0.110491,0.110491,0.085276,118249600
2013-05-21,15.648214,15.910000,15.507143,15.702143,13.560540,456022000
2023-01-25,140.889999,142.429993,138.809998,141.860001,140.700851,65799300
2005-01-14,1.254464,1.280714,1.235536,1.253571,1.059835,1770742400
2014-06-23,22.830000,22.905001,22.650000,22.707500,20.085588,174776000
2008-08-20,6.241786,6.319286,6.200357,6.280000,5.309443,506951200
2019-03-12,45.000000,45.667500,44.842499,45.227501,43.481483,129870400
1982-05-07,0.072545,0.073103,0.072545,0.072545,0.055990,84716800
1995-02-16,0.385045,0.386161,0.380580,0.385603,0.323216,218780800
1987-08-12,0.441964,0.444196,0.430804,0.435268,0.336882,161280000
1982-04-21,0.070313,0.070313,0.069754,0.069754,0.053835,73024000
1981-01-12,0.142299,0.142299,0.141183,0.141183,0.108964,23699200
1992-06-05,0.488839,0.493304,0.484375,0.489955,0.397040,112728000
1996-05-30,0.222098,0.229911,0.220982,0.227679,0.192492,103465600
1981-08-31,0.089844,0.090402,0.089844,0.089844,0.069341,40947200
2005-11-28,2.525714,2.538214,2.466786,2.487857,2.103366,1018519600
1996-11-25,0.226563,0.227679,0.223214,0.223214,0.188717,78948800
2002-06-04,0.408571,0.411429,0.396071,0.406786,0.343918,347821600
2005-04-14,1.386071,1.412857,1.315714,1.330714,1.125056,2753192400
1983-03-11,0.191964,0.195313,0.184710,0.189174,0.146003,87763200
2002-12-24,0.257857,0.258393,0.255357,0.256429,0.216799,39340000
1989-06-13,0.424107,0.435268,0.419643,0.433036,0.340419,230977600
2009-10-27,7.202143,7.243214,7.016071,7.048929,5.959538,756551600
2011-03-11,12.333214,12.582857,12.321429,12.571071,10.628243,471080400
1986-05-20,0.159040,0.159040,0.152902,0.157924,0.121884,245795200
1986-06-03,0.165737,0.170201,0.165737,0.169085,0.130498,325897600
1992-10-09,0.388393,0.392857,0.383929,0.387277,0.314677,58744000
2014-06-03,22.445000,22.812143,22.437500,22.769285,20.140236,292709200
1994-08-23,0.311384,0.320313,0.310268,0.312500,0.260439,214446400
2001-07-31,0.344107,0.346786,0.330536,0.335536,0.283680,235026400
2023-12-20,196.899994,197.679993,194.830002,194.830002,194.318146,52242800
1998-10-16,0.331473,0.339844,0.325893,0.327567,0.276942,615563200
1994-04-08,0.301339,0.303571,0.296875,0.299107,0.247439,176848000
2013-09-19,16.810715,16.993929,16.758928,16.867857,14.663445,404541200
1994-12-01,0.330357,0.335938,0.321429,0.323103,0.270085,309321600
2018-12-11,42.915001,42.947498,41.750000,42.157501,40.356918,189126800
1995-01-30,0.358259,0.361607,0.356027,0.358259,0.299472,230585600
2023-09-29,172.020004,173.070007,170.339996,171.210007,170.535538,51814200
1988-09-26,0.390625,0.392857,0.379464,0.381696,0.297795,87035200
2017-03-28,35.227501,36.009998,35.154999,35.950001,33.513599,133499200
1999-09-09,0.674107,0.678013,0.659598,0.674665,0.570397,534083200
1992-08-11,0.397321,0.397321,0.383929,0.388393,0.314738,121307200
2008-09-08,5.877500,5.888929,5.409286,5.640000,4.768353,1045979200
2017-11-16,42.794998,42.967499,42.575001,42.775002,40.342373,94550000
2014-04-22,18.868214,18.993929,18.803572,18.989286,16.703396,202563200
1990-10-16,0.245536,0.245536,0.216518,0.223214,0.177918,305233600
2007-07-17,4.939286,4.985714,4.910714,4.961071,4.194351,709959600
2009-11-20,7.112500,7.156786,7.062857,7.140000,6.036531,406666400
1993-07-01,0.348214,0.354911,0.339286,0.339286,0.277450,218164800
2014-08-15,24.475000,24.547501,24.215000,24.495001,21.774462,195804000
2020-01-30,80.135002,81.022499,79.687500,80.967499,78.673912,126743200
1990-12-26,0.392857,0.395089,0.383929,0.390625,0.312398,103073600
2019-05-17,46.732498,47.724998,46.689999,47.250000,45.600845,131516400
2001-11-05,0.336429,0.343750,0.332321,0.340536,0.287907,235793600
2009-07-14,5.072500,5.113571,5.041429,5.081071,4.295805,347247600
1998-06-26,0.254464,0.255580,0.247768,0.251674,0.212779,111115200
2017-05-11,38.112499,38.517502,38.077499,38.487499,36.027206,109020400
2008-05-14,6.829643,6.865714,6.627500,6.652143,5.624072,916823600
1988-01-05,0.410714,0.412946,0.395089,0.398438,0.309049,309120000
1994-05-06,0.287946,0.292411,0.279018,0.288504,0.238668,187779200
2022-05-31,149.070007,150.660004,146.839996,148.839996,147.174896,103718400
2008-02-08,4.360000,4.489286,4.342857,4.481429,3.788835,1355972800
2023-04-10,161.419998,162.029999,160.080002,162.029999,160.951416,47716900
1982-10-01,0.082589,0.083705,0.082589,0.082589,0.063741,46256000
1981-01-19,0.146763,0.147321,0.146763,0.146763,0.113270,41574400
2014-11-21,29.377501,29.392500,29.007500,29.117500,25.995800,228717200
1984-05-30,0.131138,0.131696,0.125000,0.129464,0.099919,318438400
2009-06-12,4.957500,4.967857,4.858571,4.891786,4.135776,563085600
2021-06-22,132.130005,134.080002,131.619995,133.979996,131.728561,74783600
1981-02-17,0.116629,0.117188,0.116629,0.116629,0.090013,12275200
1981-03-03,0.117746,0.117746,0.117188,0.117188,0.090445,16172800
1985-10-24,0.082031,0.084263,0.082031,0.082031,0.063311,272630400
2004-07-20,0.570536,0.575000,0.563393,0.575000,0.486135,323747200
2002-09-04,0.253571,0.263929,0.253036,0.258571,0.218610,420660800
2013-03-06,15.518214,15.544643,15.158214,15.202143,13.042404,460250000
2007-10-01,5.522500,5.621786,5.461786,5.583571,4.720645,837068400
2009-04-06,4.105000,4.241071,4.045714,4.230357,3.576568,658064400
2000-08-04,0.883371,0.915179,0.827009,0.845982,0.715238,263121600
2013-01-24,16.428572,16.633215,16.080357,16.089287,13.723533,1460852400
1994-12-09,0.320313,0.324777,0.310268,0.323661,0.270551,260724800
2022-09-22,152.380005,154.470001,150.910004,152.740005,151.241058,86652500
1991-06-19,0.372768,0.377232,0.368304,0.372768,0.299509,178942400
2021-03-03,124.809998,125.709999,121.839996,122.059998,119.805351,112966300
2008-05-12,6.614643,6.745357,6.530357,6.720000,5.681443,818563200
1992-11-23,0.504464,0.508929,0.502232,0.506696,0.411709,152723200
2004-08-05,0.568036,0.576786,0.558036,0.560536,0.473907,244501600
2019-03-29,47.457500,47.520000,47.134998,47.487499,45.654228,94256000
1989-06-06,0.417411,0.419643,0.412946,0.417411,0.328136,145006400
1989-09-18,0.397321,0.401786,0.392857,0.392857,0.309566,63156800
1999-09-30,0.531808,0.573103,0.529018,0.565290,0.477926,908084800
2011-11-11,13.807500,13.882143,13.580714,13.736429,11.613500,653786000
2014-11-12,27.344999,27.857500,27.342501,27.812500,24.830711,187769600
2010-07-21,9.467500,9.469643,9.071429,9.080000,7.676713,1185671200
1981-02-12,0.117188,0.117188,0.116629,0.116629,0.090013,14560000
2012-08-20,23.214643,23.755358,23.210714,23.755358,20.170259,613384800
2005-09-22,1.852857,1.873929,1.832857,1.853571,1.567107,463727600
1983-10-19,0.086496,0.099330,0.085379,0.095982,0.074078,287392000
2007-05-01,3.556786,3.583929,3.519643,3.552500,3.003471,532523600
1988-09-06,0.357143,0.357143,0.345982,0.347098,0.270802,143449600
2018-01-10,43.290001,43.575001,43.250000,43.572498,41.094528,95839600
1997-12-30,0.116071,0.119978,0.113839,0.117746,0.099549,342507200
1997-12-17,0.127790,0.130022,0.124442,0.124442,0.105210,265294400
2015-06-12,32.047501,32.082500,31.777500,31.792500,28.615061,147544800
1994-08-04,0.295759,0.301339,0.295759,0.296875,0.246563,184755200
2020-03-19,61.847500,63.209999,60.652500,61.195000,59.602619,271857200
2006-05-17,2.311071,2.346429,2.288214,2.330714,1.970508,754194000
2004-07-19,0.571607,0.575357,0.565357,0.570893,0.482663,533170400
1987-04-03,0.319196,0.320871,0.313616,0.320313,0.247215,539840000
1983-04-21,0.228795,0.235491,0.228795,0.232143,0.179166,230048000
2012-11-19,19.311071,20.267857,19.281429,20.204643,17.233765,823317600
2006-05-26,2.296786,2.305714,2.255000,2.269643,1.918876,432950000
2021-03-12,120.400002,121.169998,119.160004,121.029999,118.794380,88105100
1993-09-15,0.218750,0.223214,0.209821,0.218750,0.179670,257723200
2002-05-02,0.425179,0.434643,0.421429,0.423036,0.357657,239344000
1983-10-25,0.094308,0.097656,0.093750,0.094866,0.073217,168448000
1986-08-21,0.161272,0.162388,0.159598,0.159598,0.123176,194656000
2009-12-30,7.458214,7.571429,7.439643,7.558571,6.390413,412084400
2001-11-02,0.330714,0.336786,0.324286,0.331607,0.280358,197204000
1982-10-14,0.104911,0.106585,0.103237,0.105469,0.081400,178662400
1988-04-11,0.372768,0.375000,0.366071,0.370536,0.287974,148960000
2009-07-16,5.205714,5.286429,5.198929,5.268571,4.454327,393570800
1991-02-19,0.513393,0.537946,0.512277,0.535714,0.429333,226251200
2012-07-03,21.245714,21.428572,21.214287,21.407499,18.099028,241712800
1984-05-01,0.141741,0.148438,0.141741,0.148438,0.114563,406515200
2019-08-27,51.965000,52.137501,50.882500,51.040001,49.445724,103493200
1993-10-19,0.252232,0.254464,0.243304,0.247768,0.203503,213572800
2003-10-10,0.419643,0.425179,0.417321,0.422857,0.357506,174837600
2013-12-06,20.206785,20.241072,19.984644,20.000713,17.488390,344352400
2004-05-24,0.487321,0.498214,0.484107,0.488214,0.412762,235603200
1999-10-11,0.589286,0.609375,0.589286,0.595424,0.503403,263121600
1995-10-13,0.319196,0.329241,0.316964,0.321429,0.270909,235188800
2014-09-05,24.700001,24.847500,24.577499,24.742500,21.994471,233828000
1982-01-04,0.098772,0.098772,0.098214,0.098214,0.075801,71254400
2018-12-28,39.375000,39.630001,38.637501,39.057499,37.389328,169165600
2013-03-14,15.458214,15.522857,15.373214,15.446429,13.251985,303875600
1985-02-19,0.124442,0.124442,0.123326,0.123326,0.095182,149833600
1990-09-26,0.267857,0.272321,0.265625,0.265625,0.211723,94136000
1996-09-09,0.202009,0.203125,0.195313,0.196429,0.166071,148243200
2009-08-06,5.913571,5.946786,5.824643,5.853929,4.949220,341616800
1987-02-04,0.247768,0.247768,0.242746,0.245536,0.189502,217840000
2024-01-24,195.419998,196.380005,194.339996,194.500000,193.988998,53631300
2009-05-07,4.726071,4.728214,4.567857,4.609286,3.896934,531776000
2007-08-02,4.880357,4.891429,4.791071,4.874643,4.121279,852644800
1998-02-26,0.199219,0.210379,0.195313,0.209821,0.177394,595134400
2015-01-20,26.959999,27.242500,26.625000,27.180000,24.266016,199599600
1981-09-24,0.073661,0.073661,0.073103,0.073103,0.056420,18300800
1986-12-16,0.185826,0.189732,0.185826,0.189732,0.146433,151939200
2020-03-23,57.020000,57.125000,53.152500,56.092499,54.632889,336752800
1988-11-09,0.341518,0.351563,0.339286,0.350446,0.273414,201723200
2023-10-09,176.809998,179.050003,175.800003,178.990005,178.284882,42390800
1995-09-06,0.391741,0.394392,0.388393,0.390625,0.329229,200760000
2004-04-30,0.476964,0.481429,0.455179,0.460357,0.389210,466502400
2003-11-21,0.363214,0.367500,0.354464,0.362143,0.306175,241836000
2018-01-24,44.312500,44.325001,43.299999,43.555000,41.078030,204420400
2012-11-14,19.482143,19.551786,19.149286,19.174286,16.354919,477170400
2021-08-19,145.029999,148.000000,144.500000,146.699997,144.450897,86960300
2023-12-11,193.110001,193.490005,191.419998,193.179993,192.672470,60943700
1981-02-23,0.109933,0.110491,0.109933,0.109933,0.084845,14112000
2005-12-30,2.532500,2.586786,2.512143,2.567500,2.170700,624262800
2013-12-05,20.451786,20.540714,20.228930,20.282143,17.734470,447580000
1996-09-05,0.209821,0.212054,0.204241,0.204241,0.172676,279585600
2010-12-30,11.624286,11.625357,11.537500,11.559286,9.772831,157494400
1981-12-23,0.097656,0.097656,0.097098,0.097098,0.074939,28896000
1995-07-26,0.412946,0.412946,0.405134,0.405134,0.340528,171449600
2001-02-21,0.325893,0.356027,0.325893,0.337054,0.284963,390258400
2022-10-04,145.029999,146.220001,144.259995,146.100006,144.666260,87830100
1994-08-31,0.321429,0.333705,0.319196,0.323103,0.269275,351836800
2007-05-29,4.087500,4.102143,4.024643,4.083929,3.452770,645694000
1996-05-09,0.235491,0.236607,0.229911,0.233259,0.197209,98078400
2000-05-04,1.027902,1.029018,0.987165,0.988281,0.835545,399515200
2007-05-21,3.939643,4.016071,3.930357,3.999286,3.381207,639892400
2003-09-10,0.397321,0.403750,0.394821,0.396071,0.334859,224890400
2014-11-28,29.817499,29.850000,29.512501,29.732500,26.544859,99257600
1988-03-15,0.410714,0.412946,0.399554,0.401786,0.312261,181440000
1983-05-11,0.244420,0.245536,0.236607,0.238281,0.183903,55260800
1997-09-17,0.196429,0.196429,0.193638,0.194754,0.164655,86766400
1991-09-26,0.448661,0.448661,0.437500,0.446429,0.359503,71220800
1990-10-17,0.225446,0.236607,0.223214,0.236607,0.188593,309064000
1998-12-09,0.291853,0.293527,0.282366,0.285714,0.241558,592916800
1991-08-08,0.453125,0.462054,0.446429,0.450893,0.362280,189448000
1981-08-10,0.112723,0.112723,0.112723,0.112723,0.086999,0
1983-04-19,0.209821,0.211496,0.206473,0.207589,0.160215,233878400
2001-09-07,0.312500,0.323214,0.307143,0.308571,0.260882,241830400
2018-08-27,54.287498,54.685001,54.082500,54.485001,51.976559,82100400
1993-03-08,0.491071,0.506696,0.491071,0.504464,0.411664,177004800
2020-10-28,115.050003,115.430000,111.099998,111.199997,108.795418,143937800
2001-06-27,0.425536,0.428571,0.401786,0.416786,0.352373,374130400
2005-06-29,1.329643,1.331786,1.290000,1.298929,1.098183,448358400
1987-10-07,0.495536,0.497768,0.484375,0.495536,0.383527,224000000
1988-12-09,0.350446,0.352679,0.345982,0.349330,0.273262,44956800
1989-06-20,0.392857,0.392857,0.377232,0.383929,0.301815,134534400
1984-03-08,0.118304,0.121094,0.118304,0.119978,0.092598,129785600
1991-12-13,0.444196,0.453125,0.444196,0.449777,0.363070,95121600
1996-12-17,0.199777,0.200893,0.198661,0.200893,0.169846,157248000
2024-03-28,171.750000,172.229996,170.509995,171.479996,171.247726,65672700
1993-10-14,0.214286,0.218750,0.209821,0.212054,0.174170,160686400
1991-10-22,0.495536,0.502232,0.486607,0.486607,0.391858,208208000
2001-12-19,0.367500,0.387143,0.365536,0.386071,0.326405,289956800
2019-03-14,45.974998,46.025002,45.639999,45.932499,44.159271,94318000
1992-08-19,0.398438,0.404018,0.397321,0.397321,0.322838,170542400
1991-03-22,0.571429,0.578125,0.555804,0.564732,0.452588,338128000
1983-08-15,0.149554,0.153460,0.148996,0.153460,0.118439,152275200
1986-08-25,0.162946,0.164621,0.162388,0.162388,0.125329,126403200
1989-04-26,0.357143,0.359375,0.349330,0.354911,0.278393,186132800
2023-09-05,188.279999,189.979996,187.610001,189.699997,188.952682,45280000
1985-11-14,0.089286,0.089844,0.089286,0.089286,0.068910,139507200
2007-03-29,3.363929,3.363929,3.293929,3.348214,2.830756,725723600
2002-11-20,0.273214,0.280357,0.272321,0.277321,0.234462,208740000
2016-08-09,27.057501,27.235001,27.002501,27.202499,25.120481,105260800
1985-12-31,0.099330,0.099888,0.098214,0.098214,0.075801,87248000
1997-12-22,0.123884,0.125000,0.117746,0.118862,0.100492,159476800
1991-06-10,0.410714,0.420759,0.408482,0.410714,0.329997,167440000
2017-12-11,42.299999,43.222500,42.197498,43.167500,40.712555,141095200
1993-02-01,0.529018,0.546875,0.529018,0.546875,0.445302,240553600
2021-08-20,147.440002,148.500000,146.779999,148.190002,145.918060,60549600
1998-06-24,0.247768,0.255580,0.243862,0.252232,0.213250,273795200
1995-03-14,0.341518,0.341518,0.308036,0.312500,0.261940,727865600
2000-06-27,0.960379,0.991071,0.921875,0.924107,0.781289,203470400
2011-10-19,14.333929,14.586429,14.207143,14.236429,12.036229,1104059600
2001-07-19,0.379107,0.382500,0.352679,0.356429,0.301344,861140000
1986-06-17,0.160156,0.160714,0.151786,0.152902,0.118008,222051200
2021-08-02,146.360001,146.949997,145.250000,145.520004,143.074631,62880000
1993-10-18,0.250000,0.256696,0.247768,0.253348,0.208087,332998400
2013-09-05,17.866072,17.881430,17.629999,17.688213,15.376595,236367600
1983-11-30,0.092634,0.093750,0.090960,0.090960,0.070202,64332800
1981-03-10,0.101004,0.101004,0.100446,0.100446,0.077523,28380800
2023-12-21,196.100006,197.080002,193.500000,194.679993,194.168518,46482500
2000-04-27,1.046317,1.133929,1.040876,1.131696,0.956795,326603200
2007-07-26,5.211071,5.303571,4.891429,5.214286,4.408431,2186629200
1988-03-23,0.392857,0.392857,0.373884,0.379464,0.294913,209440000
1995-11-13,0.359375,0.368304,0.357143,0.364955,0.307594,317374400
1992-12-10,0.511161,0.514509,0.504464,0.511161,0.416221,140190400
1989-03-23,0.303571,0.308036,0.301339,0.306920,0.240749,118910400
1997-07-08,0.123884,0.125000,0.122210,0.122768,0.103795,95692800
2013-02-27,16.015356,16.158571,15.737500,15.877500,13.621816,587350400
1996-06-17,0.215402,0.215402,0.210938,0.210938,0.178338,112929600
2020-01-21,79.297501,79.754997,79.000000,79.142502,76.900589,110843200
1994-11-17,0.364955,0.366071,0.356027,0.357143,0.297644,150438400
2011-05-19,12.217143,12.228929,12.095357,12.161786,10.282220,261170000
1984-04-19,0.125000,0.126674,0.123884,0.126116,0.097335,123401600
1984-03-15,0.118862,0.120536,0.117746,0.119420,0.092167,55283200
2014-10-01,25.147499,25.172501,24.674999,24.795000,22.041145,205965200
2011-02-25,12.330714,12.443929,12.314286,12.434286,10.512599,380018800
2016-04-28,24.402500,24.469999,23.562500,23.707500,21.643246,328970800
1996-02-15,0.246652,0.251116,0.244420,0.250000,0.211363,122080000
1999-02-26,0.325893,0.330357,0.308036,0.310826,0.262789,667251200
2021-01-19,127.779999,128.710007,126.940002,127.830002,125.281570,90757300
1982-05-14,0.066406,0.066406,0.065290,0.065290,0.050390,95737600
2006-08-04,2.394643,2.450357,2.320000,2.439286,2.062302,1852866400
2006-12-29,2.998214,3.050000,2.977143,3.030000,2.561721,1076429200
2010-04-07,8.555357,8.640000,8.523571,8.592857,7.264854,628502000
2010-10-19,10.835714,11.206071,10.715000,11.053214,9.344969,1232784000
2006-04-25,2.355714,2.378214,2.341429,2.363214,1.997986,529062800
2002-07-31,0.275000,0.275357,0.266071,0.272500,0.230386,310699200
2014-04-14,18.639286,18.648571,18.471786,18.631430,16.388618,205674000
2002-09-10,0.257321,0.258750,0.252143,0.255893,0.216345,249468800
1985-02-01,0.129464,0.130022,0.126674,0.127790,0.098627,137737600
2003-08-13,0.354643,0.363214,0.349643,0.360357,0.304665,284099200
1996-04-23,0.224330,0.225446,0.219866,0.220982,0.186830,169948800
1999-01-14,0.406250,0.410714,0.366629,0.369420,0.312327,1723859200
1993-09-28,0.220982,0.223214,0.216518,0.220982,0.181503,94550400
2017-01-11,29.684999,29.982500,29.650000,29.937500,27.788090,110354400
2014-10-17,24.375000,24.750000,24.202499,24.417500,21.705566,272718800
2001-04-09,0.369464,0.381071,0.358214,0.366786,0.310100,266582400
1997-12-01,0.157924,0.160156,0.154018,0.158482,0.133989,87236800
2006-12-04,3.281429,3.287500,3.232143,3.254286,2.751345,709536800
2021-09-23,146.649994,147.080002,145.639999,146.830002,144.578934,64838200
1992-03-26,0.578125,0.582589,0.569196,0.571429,0.462133,123020800
2016-11-21,27.530001,27.997499,27.502501,27.932501,25.927046,117058400
2006-02-09,2.467857,2.472500,2.304643,2.319643,1.961148,1149764000
1993-08-12,0.245536,0.247768,0.232143,0.236607,0.193485,338172800
2011-05-18,12.016786,12.180357,12.000000,12.138214,10.262283,334776400
2011-09-29,14.354286,14.364643,13.793214,13.948929,11.793160,651086800
2007-06-14,4.185714,4.266071,4.157857,4.241071,3.585624,973266000
1985-05-02,0.092076,0.092076,0.085938,0.085938,0.066326,329772800
1999-04-15,0.315848,0.323103,0.306362,0.319196,0.269865,1734476800
1982-01-08,0.088728,0.089286,0.088728,0.088728,0.068479,56604800
2002-05-08,0.414286,0.437857,0.411429,0.435179,0.367923,436682400
1987-06-02,0.345982,0.348214,0.343750,0.344866,0.266569,137491200
2009-08-11,5.846071,5.870714,5.781429,5.815357,4.916610,355342400
1981-07-14,0.106027,0.107143,0.106027,0.106027,0.081831,19779200
2009-07-10,4.869286,4.963214,4.868571,4.947143,4.182576,445275600
2006-04-13,2.369286,2.408571,2.350357,2.373929,2.007044,734678000
1995-03-31,0.313616,0.318080,0.310268,0.314732,0.263811,183243200
2005-08-16,1.692500,1.696429,1.650357,1.651786,1.396507,537622400
1999-08-09,0.485212,0.492746,0.484375,0.486049,0.410931,233284800
2021-08-03,145.809998,148.039993,145.179993,147.360001,144.883713,64786600
2006-03-06,2.417500,2.418571,2.319286,2.338571,1.977151,912665600
2022-11-23,149.449997,151.830002,149.339996,151.070007,149.835617,58301400
2014-07-24,24.260000,24.330000,24.105000,24.257500,21.456615,182916000
2009-06-26,4.992500,5.127143,4.990714,5.087143,4.300940,439384400
1990-09-25,0.272321,0.274554,0.261161,0.267857,0.213502,157953600
2015-07-23,31.549999,31.772499,31.264999,31.290001,28.162783,203998000
2004-10-07,0.723929,0.730893,0.704643,0.707500,0.598158,426148800
1988-02-18,0.371652,0.381696,0.370536,0.372768,0.289709,143360000
2004-01-12,0.415179,0.428571,0.412500,0.423750,0.358261,487547200
1997-11-25,0.157924,0.159598,0.150670,0.155134,0.131158,205430400
1987-01-15,0.215402,0.229353,0.214286,0.222656,0.171844,546560000
2002-06-18,0.364643,0.367679,0.356786,0.359821,0.304212,353360000
2004-03-30,0.495357,0.499107,0.488214,0.498571,0.421518,359676800
2018-08-15,52.305000,52.685001,52.082500,52.560001,50.140175,115230400
2007-11-15,5.942500,6.056786,5.725000,5.867857,4.960996,1487410400
1997-05-06,0.151786,0.152902,0.149554,0.150670,0.127384,83148800
2000-01-19,0.943080,0.970982,0.922991,0.951451,0.804407,597643200
1996-07-05,0.172991,0.176339,0.171875,0.174107,0.147199,106153600
2023-12-18,196.089996,196.630005,194.389999,195.889999,195.375351,55751900
1998-09-23,0.332589,0.342634,0.326451,0.342076,0.289209,287918400
2010-01-04,7.622500,7.660714,7.585000,7.643214,6.461977,493729600
2021-10-12,143.229996,143.250000,141.039993,141.509995,139.340454,73035900
2017-09-15,39.617500,40.242500,39.500000,39.970001,37.561867,196458400
1998-12-08,0.303013,0.303013,0.285714,0.286272,0.242029,680108800
1998-05-11,0.275670,0.282366,0.274554,0.276228,0.233538,665022400
1995-10-17,0.325893,0.329241,0.320313,0.327009,0.275612,178617600
2006-03-10,2.287500,2.303214,2.230357,2.256786,1.908006,1043142800
1985-12-03,0.090402,0.090960,0.089286,0.089844,0.069341,155075200
1990-11-30,0.323661,0.332589,0.323661,0.328125,0.262414,121508800
2018-08-20,54.525002,54.794998,53.777500,53.865002,51.385086,121150800
1985-09-26,0.070871,0.071429,0.070871,0.070871,0.054698,53491200
1985-02-12,0.136161,0.136719,0.132813,0.132813,0.102504,226508800
1989-08-23,0.383929,0.395089,0.379464,0.390625,0.307807,173644800
2021-03-01,123.750000,127.930000,122.790001,127.790001,125.429520,116307900
1984-04-27,0.132813,0.137277,0.130580,0.134487,0.103796,371996800
2004-08-27,0.619286,0.620714,0.607143,0.613393,0.518595,388813600
2008-10-30,3.865357,4.006786,3.843214,3.965714,3.352824,1638089600
2017-02-09,32.912498,33.112499,32.779999,33.105000,30.861401,113399600
2015-07-06,31.235001,31.557501,31.212500,31.500000,28.351801,112241600
2013-02-25,16.208929,16.254286,15.806071,15.814286,13.567579,372579200
2021-04-13,132.440002,134.660004,131.929993,134.429993,131.946854,91266500
1982-11-04,0.137277,0.142299,0.136161,0.138393,0.106810,329078400
1989-01-17,0.386161,0.388393,0.357143,0.360491,0.281993,756604800
2007-10-05,5.656071,5.770714,5.632143,5.766071,4.874941,943471200
2017-06-15,35.830002,36.119999,35.552502,36.072498,33.766579,128661600
2014-07-18,23.405001,23.684999,23.254999,23.607500,20.881666,199952000
1981-09-03,0.093192,0.093192,0.092076,0.092076,0.071063,37475200
2017-11-01,42.467499,42.485001,41.402500,41.722500,39.208778,134551200
2009-10-29,6.964286,7.028929,6.862143,7.012500,5.928739,570270400
2018-10-09,55.910000,56.817501,55.562500,56.717499,54.106274,107564000
2001-03-28,0.394286,0.401786,0.383929,0.395893,0.334709,584662400
1995-03-13,0.353795,0.353795,0.339286,0.340402,0.285328,325752000
2008-01-29,4.683929,4.742500,4.608929,4.697857,3.971816,1099982800
1991-08-01,0.410714,0.439732,0.408482,0.438616,0.352416,448425600
1982-12-09,0.145647,0.145647,0.138393,0.140625,0.108533,194656000
2007-04-16,3.234643,3.267857,3.223214,3.265357,2.760705,609033600
2018-03-21,43.759998,43.772499,42.814999,42.817501,40.547112,148219600
1996-04-15,0.227679,0.229911,0.223214,0.229911,0.194379,154078400
1993-03-15,0.500000,0.511161,0.494420,0.508929,0.415307,136035200
2005-11-23,2.388571,2.427857,2.381786,2.396786,2.026369,485853200
2014-08-22,25.072500,25.367500,25.047501,25.330000,22.516722,176736000
1993-07-23,0.241071,0.245536,0.232143,0.234375,0.191660,233777600
1995-04-24,0.348214,0.353795,0.343750,0.348214,0.291876,272238400
2019-02-28,43.580002,43.727501,43.230000,43.287498,41.616386,112861600
2014-12-23,28.307501,28.332500,28.115000,28.135000,25.118633,104113600
1987-11-23,0.316964,0.323661,0.310268,0.323661,0.251048,97395200
2008-02-01,4.865714,4.878214,4.720714,4.776786,4.038545,1010744000
2023-05-01,169.279999,170.449997,168.639999,169.589996,168.461075,52472900
2011-08-03,13.963571,14.055357,13.651429,14.020357,11.853548,732508000
2001-07-16,0.444286,0.448214,0.426964,0.427857,0.361733,278667200
2019-04-01,47.910000,47.919998,47.095001,47.810001,45.964287,111448000
1994-08-16,0.306920,0.310268,0.303571,0.310268,0.258578,155736000
1994-10-31,0.375000,0.387277,0.370536,0.385603,0.321363,355902400
2020-11-20,118.639999,118.769997,117.290001,117.339996,115.000694,73604300
2011-02-15,12.828214,12.856071,12.769643,12.853571,10.867088,284174800
2003-10-28,0.402857,0.424464,0.400000,0.423571,0.358109,251714400
1987-10-23,0.319196,0.325893,0.305804,0.316964,0.245319,198240000
2021-12-23,175.850006,176.850006,175.270004,176.279999,173.830734,68356600
1985-02-22,0.119978,0.124442,0.119978,0.123326,0.095182,226531200
1986-05-02,0.135045,0.138393,0.134487,0.136161,0.105088,93587200
1982-11-24,0.128906,0.136161,0.128348,0.131696,0.101642,73740800
1996-10-15,0.229911,0.231027,0.223214,0.225446,0.190604,363059200
1984-11-29,0.115513,0.115513,0.113281,0.113281,0.087429,174876800
2009-04-13,4.286071,4.320714,4.250000,4.293571,3.630010,389236400
1983-12-15,0.104353,0.110491,0.104353,0.108817,0.083984,316601600
2015-10-27,28.850000,29.135000,28.497499,28.637501,25.892052,279537600
1990-09-12,0.308036,0.308036,0.299107,0.303571,0.241968,100408000
2013-03-13,15.301786,15.517857,15.191429,15.298214,13.124826,405549200
2020-03-20,61.794998,62.957500,57.000000,57.310001,55.818710,401693200
1984-06-18,0.129464,0.132813,0.126674,0.132254,0.102072,114598400
2015-04-16,31.570000,31.775000,31.527500,31.542500,28.271959,113476000
1984-02-15,0.114397,0.119420,0.111049,0.112165,0.086568,200838400
1998-03-19,0.239955,0.240513,0.237165,0.238839,0.201927,160059200
1995-01-24,0.377232,0.378348,0.369420,0.371652,0.310668,218097600
2010-04-16,8.877500,8.969286,8.733929,8.835714,7.470179,750545600
2000-11-15,0.357701,0.360491,0.343750,0.354911,0.300061,282357600
2008-02-15,4.509643,4.538571,4.430714,4.451071,3.763169,901300400
1994-05-10,0.283482,0.285714,0.276786,0.276786,0.228974,146843200
1993-09-23,0.227679,0.227679,0.218750,0.220982,0.181503,130950400
2008-02-11,4.571786,4.642143,4.542857,4.623214,3.908710,1201432400
1987-07-15,0.383929,0.399554,0.377232,0.392857,0.303665,271040000
2019-10-03,54.607498,55.240002,53.782501,55.205002,53.480614,114426000
2010-02-09,7.015000,7.053571,6.955357,7.006786,5.923907,632886800
2000-04-28,1.135045,1.138393,1.083147,1.107701,0.936509,249580800
2021-10-19,147.009995,149.169998,146.550003,148.759995,146.479324,76378900
2021-10-28,149.820007,153.169998,149.720001,152.570007,150.230927,100077900
2001-06-13,0.382500,0.388036,0.358214,0.365536,0.309043,511487200
2000-09-26,0.952009,0.977679,0.917411,0.918527,0.776571,290936800
2008-11-10,3.577500,3.585714,3.375000,3.424286,2.895072,1123822000
2017-05-16,38.985001,39.014999,38.680000,38.867500,36.382923,80194000
1995-08-09,0.380580,0.390625,0.379464,0.385045,0.323643,369017600
2006-05-04,2.543571,2.603214,2.516429,2.540357,2.147752,860420400
2010-03-17,8.032143,8.087500,7.973929,8.004286,6.767247,450956800
1984-08-31,0.120536,0.121094,0.116629,0.118304,0.091306,137849600
2020-04-14,70.000000,72.062500,69.512497,71.762497,69.895126,194994800
1983-10-06,0.100446,0.102121,0.097098,0.099330,0.076662,232937600
1986-05-13,0.162388,0.162946,0.157366,0.160714,0.124037,471766400
1988-12-08,0.350446,0.350446,0.345982,0.349330,0.273262,59460800
2004-02-18,0.413929,0.418571,0.411607,0.415357,0.351165,141635200
2010-08-09,9.338571,9.362500,9.270357,9.348214,7.903475,303128000
2006-11-13,2.972143,3.016071,2.951429,3.012500,2.546927,450674000
2016-07-22,24.815001,24.825001,24.577499,24.665001,22.654474,113254800
2021-08-06,146.350006,147.110001,145.630005,146.139999,143.899490,54126800
1994-03-10,0.332589,0.335938,0.328125,0.332589,0.275138,143763200
1998-01-15,0.171317,0.176339,0.166295,0.171317,0.144840,559272000
2017-10-02,38.564999,38.612499,38.180000,38.452499,36.135792,74795200
1987-06-01,0.354911,0.354911,0.345982,0.347098,0.268295,83305600
1994-02-14,0.330357,0.339286,0.328125,0.330357,0.273291,245548800
1984-06-20,0.131138,0.135045,0.128348,0.135045,0.104226,119526400
1986-01-13,0.101563,0.103237,0.100446,0.102679,0.079247,215420800
2007-11-20,5.916786,6.135357,5.840357,6.030357,5.098381,1543642800
2012-05-10,20.520714,20.567142,20.301430,20.375713,17.226702,333200000
2007-05-03,3.597500,3.623214,3.571786,3.585714,3.031552,576077600
2011-03-30,12.522857,12.531429,12.408571,12.451071,10.526790,329406000
1992-02-14,0.569196,0.573661,0.564732,0.572545,0.463036,72587200
2018-09-12,56.235001,56.250000,54.959999,55.267502,52.723034,197114800
2009-06-19,4.931071,4.982143,4.889286,4.981429,4.211564,721856800
2003-03-13,0.258393,0.264286,0.253036,0.262857,0.222233,335445600
2008-04-03,5.252143,5.486786,5.250000,5.414643,4.577823,1051568000
2016-02-03,23.750000,24.209999,23.520000,24.087500,21.871473,183857200
2019-05-08,50.474998,51.334999,50.437500,50.724998,48.766750,105358000
1985-08-19,0.066964,0.068080,0.066964,0.066964,0.051682,47868800
2004-11-26,1.166964,1.174286,1.148929,1.152679,0.974536,550144000
2002-02-05,0.448036,0.463929,0.447857,0.454464,0.384228,456887200
1988-03-18,0.401786,0.406250,0.395089,0.399554,0.310526,272160000
2010-08-16,8.842143,8.928929,8.807857,8.844286,7.477426,318430000
1989-02-17,0.323661,0.330357,0.323661,0.328125,0.257382,116849600
1998-03-26,0.238839,0.241071,0.236049,0.237165,0.200512,202966400
1997-08-27,0.199777,0.203125,0.195313,0.202567,0.171261,190635200
1989-04-20,0.363839,0.370536,0.359375,0.363839,0.285396,179816000
2009-05-01,4.492857,4.569643,4.492857,4.544286,3.841978,397516000
1993-06-07,0.486607,0.488839,0.449777,0.453125,0.370542,482305600
1996-08-22,0.205357,0.207589,0.204241,0.207589,0.175507,87684800
2002-03-20,0.440357,0.448929,0.437500,0.445000,0.376227,294319200
2007-09-11,4.925000,4.939286,4.776786,4.838929,4.091085,971885600
2009-09-18,6.636786,6.662500,6.598571,6.607857,5.586632,601582800
1990-01-16,0.299107,0.312500,0.292411,0.311384,0.245971,214244800
1994-05-11,0.276786,0.281250,0.265625,0.270089,0.223434,145521600
1998-07-06,0.263393,0.271205,0.260045,0.271205,0.229291,270950400
2022-09-27,152.740005,154.720001,149.949997,151.759995,150.270691,84442700
2022-01-04,182.630005,182.940002,179.119995,179.699997,177.203217,99310400
2005-06-20,1.351786,1.360357,1.337500,1.343214,1.135624,323716400
1981-11-30,0.083705,0.083705,0.083147,0.083147,0.064172,23968000
1989-05-01,0.343750,0.350446,0.343750,0.348214,0.273140,80662400
1994-02-11,0.323661,0.334821,0.323661,0.330357,0.273291,164248000
1982-12-27,0.142857,0.146763,0.141741,0.146205,0.112840,61868800
1981-10-13,0.085938,0.087054,0.085938,0.085938,0.066326,44195200
2021-07-13,144.029999,147.460007,143.630005,145.639999,143.192596,100827100
2010-11-19,10.998929,11.014286,10.901429,10.954643,9.261632,384843200
1998-10-08,0.276786,0.278460,0.254464,0.275112,0.232594,689214400
2012-07-13,21.533930,21.685356,21.428572,21.606071,18.266918,311427200
2010-09-27,10.499286,10.526071,10.393214,10.398571,8.791498,482834800
2004-03-29,0.488750,0.499821,0.485714,0.498393,0.421368,350728000
1992-05-08,0.549107,0.561384,0.544643,0.553571,0.447691,198699200
1990-05-31,0.370536,0.370536,0.366071,0.368304,0.292681,103084800
2003-01-13,0.266071,0.266071,0.256429,0.261250,0.220874,178942400
1995-07-14,0.422991,0.437500,0.419643,0.435268,0.365857,277928000
2006-11-28,3.227143,3.284643,3.211071,3.278929,2.772179,1036173600
2020-08-04,109.132500,110.790001,108.387497,109.665001,107.100502,173071600
1991-06-04,0.441964,0.441964,0.433036,0.438616,0.352416,184284800
2003-12-31,0.381250,0.384464,0.378214,0.381607,0.322631,174451200
1990-11-05,0.287946,0.299107,0.285714,0.296875,0.236631,184475200
1998-08-11,0.337054,0.366071,0.333705,0.348214,0.294398,1759475200
1998-07-27,0.305804,0.311384,0.296875,0.307478,0.259958,214233600
2013-04-30,15.539286,15.901786,15.431071,15.813571,13.566967,691538400
2012-05-31,20.740713,20.767857,20.409286,20.633215,17.444412,491674400
1985-03-07,0.109933,0.110491,0.098772,0.098772,0.076231,733980800
2020-08-03,108.199997,111.637497,107.892502,108.937500,106.390015,308151200
1998-11-19,0.316964,0.332031,0.316406,0.319196,0.269865,346528000
2017-02-02,31.995001,32.347500,31.945000,32.132500,29.825499,134841600
2022-03-31,177.839996,178.029999,174.399994,174.610001,172.403305,103049300
2002-11-13,0.276786,0.286964,0.272857,0.278393,0.235368,231739200
1998-06-15,0.243304,0.252232,0.243304,0.245536,0.207589,136662400
1994-11-01,0.382813,0.388253,0.378348,0.385045,0.320898,218097600
1982-09-15,0.084263,0.084263,0.083705,0.083705,0.064603,71747200
1988-04-13,0.372768,0.375000,0.366071,0.368304,0.286239,143360000
2008-06-27,5.946786,6.091786,5.862500,6.074643,5.135824,1042249600
2018-09-21,55.195000,55.340000,54.322498,54.415001,51.909775,384986800
2015-04-21,32.025002,32.049999,31.667500,31.727501,28.437773,129740400
1995-11-16,0.364955,0.370536,0.352679,0.356585,0.300539,226228800
1986-09-30,0.146763,0.151228,0.145647,0.149554,0.115424,180790400
2017-09-28,38.472500,38.570000,38.174999,38.320000,36.011284,88022000
2007-04-12,3.287143,3.296786,3.240000,3.292500,2.783653,656675600
2022-04-06,172.360001,173.630005,170.130005,171.830002,169.658447,89058800
2021-08-27,147.479996,148.750000,146.830002,148.600006,146.321777,55802400
1997-05-01,0.150670,0.152902,0.149554,0.151786,0.128328,72340800
2008-04-24,5.905000,6.070714,5.685357,6.033571,5.101099,1696066400
2022-10-28,148.199997,157.500000,147.820007,155.740005,154.211639,164762400
2021-10-11,142.270004,144.809998,141.809998,142.809998,140.620544,64452200
2007-08-08,4.884286,4.887857,4.714286,4.786071,4.046396,808096800
2007-10-19,6.222857,6.236786,6.071429,6.086429,5.145788,1291780000
2006-02-06,2.572143,2.589643,2.383571,2.403571,2.032105,1651767600
1997-02-06,0.136161,0.143973,0.136161,0.142857,0.120779,399504000
2004-12-08,1.126429,1.150536,1.108036,1.130000,0.955361,691902400
2012-02-28,18.855715,19.121786,18.780357,19.121786,16.166565,600387200
1987-08-18,0.439732,0.441964,0.430804,0.435268,0.336882,237440000
1990-09-05,0.332589,0.332589,0.319196,0.321429,0.256203,64052800
1981-07-29,0.106585,0.106585,0.106027,0.106027,0.081831,15500800
2016-01-20,23.775000,24.547501,23.355000,24.197500,21.971363,289337600
1999-01-22,0.336496,0.352679,0.330915,0.345982,0.292511,345766400
2014-11-26,29.485001,29.775000,29.457500,29.750000,26.560492,163073200
1999-02-05,0.341518,0.342634,0.316964,0.324219,0.274112,777201600
2013-08-20,18.203930,18.234644,17.886429,17.895357,15.556670,358688400
2022-12-28,129.669998,131.029999,125.870003,126.040001,125.010117,85438400
1984-07-05,0.112723,0.113839,0.108817,0.110491,0.085276,93184000
2020-10-01,117.639999,117.720001,115.830002,116.790001,114.264526,116120400
2018-08-28,54.752499,55.134998,54.730000,54.924999,52.396290,91107200
2008-06-20,6.405357,6.464286,6.250000,6.259643,5.292232,888367200
1991-03-11,0.575893,0.578125,0.555804,0.566964,0.454377,175369600
1989-08-21,0.377232,0.386161,0.375000,0.377232,0.297254,137827200
2014-07-14,23.965000,24.222500,23.912500,24.112499,21.328360,171240000
2014-03-21,18.997499,19.062500,18.797501,19.031071,16.740154,374046400
2009-04-28,4.405357,4.507500,4.402143,4.425000,3.741129,455856800
2006-10-30,2.856786,2.889286,2.839286,2.872143,2.428262,499917600
1984-09-10,0.118304,0.118862,0.115513,0.117746,0.090875,64624000
1991-03-07,0.566964,0.602679,0.564732,0.600446,0.481210,321753600
1996-08-05,0.193080,0.195313,0.186384,0.187500,0.158522,101012800
1999-08-04,0.492746,0.498884,0.475446,0.480469,0.406214,371425600
2006-09-19,2.646429,2.655714,2.600000,2.634643,2.227466,710049200
2024-03-25,170.570007,171.940002,169.449997,170.850006,170.618591,54288300
2001-10-17,0.327500,0.328750,0.302857,0.303393,0.256504,285538400
2000-03-03,1.114955,1.144950,1.071429,1.142857,0.966231,323366400
2019-11-04,64.332497,64.462502,63.845001,64.375000,62.364189,103272000
1985-04-04,0.093750,0.094308,0.092076,0.093192,0.071925,161862400
1996-05-16,0.252232,0.255580,0.248884,0.253348,0.214194,130076800
2001-01-05,0.302455,0.310268,0.286830,0.292411,0.247220,412356000
2010-06-02,9.447857,9.457143,9.297500,9.426786,7.969903,688548000
1983-08-09,0.151786,0.155692,0.150670,0.153460,0.118439,150371200
2003-10-01,0.369821,0.376786,0.360536,0.371250,0.313874,236112800
2023-04-27,165.190002,168.559998,165.190002,168.410004,167.288956,64902300
2006-05-03,2.565357,2.569643,2.506429,2.540714,2.148054,686991200
1982-05-13,0.068080,0.068638,0.068080,0.068080,0.052543,54454400
2012-05-23,19.910713,20.457144,19.758215,20.377144,17.227909,584897600
2002-08-28,0.264286,0.270000,0.261607,0.262500,0.221931,247973600
2001-08-17,0.321429,0.329464,0.321250,0.322679,0.272810,208426400
2004-06-15,0.545357,0.556071,0.540357,0.548036,0.463338,444634400
2009-09-29,6.668929,6.692857,6.582500,6.620714,5.597501,345385600
2014-09-16,24.950001,25.315001,24.722500,25.215000,22.414499,267632400
1989-10-13,0.435268,0.441964,0.401786,0.408482,0.321879,201118400
2003-08-11,0.353929,0.355893,0.348393,0.351071,0.296814,137228000
1983-11-23,0.095982,0.095982,0.089286,0.090960,0.070202,114352000
1980-12-31,0.152902,0.152902,0.152344,0.152344,0.117578,35750400
2013-10-30,18.557501,18.840000,18.465000,18.746429,16.296516,354163600
2007-10-04,5.642857,5.645714,5.482143,5.580000,4.717627,656958400
2018-09-05,57.247501,57.417500,56.275002,56.717499,54.106274,133332000
1990-10-29,0.270089,0.272321,0.265625,0.266741,0.212612,123480000
1999-06-24,0.389509,0.389509,0.377232,0.377790,0.319404,433361600
1996-02-21,0.262277,0.265625,0.260045,0.264509,0.223630,221838400
2006-02-07,2.438214,2.481429,2.381429,2.414286,2.041165,1388830800
2017-06-27,36.252499,36.540001,35.904999,35.932499,33.635536,99047600
1988-11-02,0.341518,0.341518,0.328125,0.332589,0.259482,208521600
1981-12-07,0.085379,0.085938,0.085379,0.085379,0.065895,59292800
2022-02-04,171.679993,174.100006,170.679993,172.389999,170.211380,82465400
2016-03-14,25.477501,25.727501,25.445000,25.629999,23.398348,100304400
1987-10-26,0.308036,0.312500,0.246652,0.250000,0.193491,313600000
2021-02-16,135.490005,136.009995,132.789993,133.190002,130.729767,80576300
2013-12-10,20.127857,20.281429,20.042856,20.198214,17.661085,278269600
1995-12-13,0.341518,0.348214,0.328125,0.342634,0.289681,684902400
2021-03-29,121.650002,122.580002,120.730003,121.389999,119.147743,80819200
2023-12-05,190.210007,194.399994,190.179993,193.419998,192.911850,66628400
2006-07-28,2.283571,2.345714,2.267857,2.342500,1.980473,691507600
1983-02-02,0.186384,0.195313,0.183594,0.191406,0.147725,267052800
2004-08-30,0.607143,0.620000,0.606429,0.609286,0.515122,218142400
1991-12-05,0.450893,0.455357,0.439732,0.446429,0.360368,99198400
2009-05-19,4.529286,4.618214,4.490714,4.551786,3.848319,372422400
2002-02-20,0.406607,0.414286,0.399107,0.413036,0.349202,285443200
2002-11-11,0.281071,0.283750,0.270000,0.270714,0.228876,152975200
2018-10-10,56.365002,56.587502,54.012501,54.090000,51.599731,167962400
1999-08-13,0.541295,0.553571,0.534598,0.536272,0.453393,298435200
1993-09-16,0.216518,0.223214,0.216518,0.220982,0.181503,85960000
2004-05-03,0.464286,0.470179,0.459643,0.465536,0.393589,297634400
2003-07-31,0.370357,0.381250,0.367321,0.376429,0.318253,301464800
1994-05-05,0.296875,0.301339,0.287946,0.293527,0.242823,288332800
1982-08-05,0.055804,0.055804,0.055246,0.055246,0.042638,69753600
2019-02-01,41.740002,42.244999,41.482498,41.630001,39.851955,130672400
2007-06-05,4.336071,4.381786,4.303571,4.381071,3.703990,920785600
2006-04-26,2.380357,2.438571,2.371429,2.433929,2.057772,710886400
2002-09-03,0.258750,0.259821,0.250893,0.250893,0.212118,276936800
2008-07-02,6.257143,6.337500,6.006429,6.006429,5.078152,837519200
1995-08-25,0.409598,0.409598,0.398438,0.399554,0.336755,134344000
2001-06-26,0.416786,0.424464,0.410893,0.424107,0.358562,272781600
1986-07-14,0.165737,0.166853,0.161830,0.161830,0.124899,237440000
2008-06-10,6.446786,6.670714,6.393571,6.630000,5.605352,1140941200
2009-01-15,2.877500,3.004286,2.858929,2.977857,2.517637,1831634000
2006-07-05,2.041071,2.057143,2.020000,2.035714,1.721100,518240800
1999-10-13,0.594866,0.620536,0.569196,0.571708,0.483352,636731200
2012-06-26,20.404642,20.517500,20.261786,20.429644,17.272308,276536400
2002-10-09,0.241786,0.247321,0.239464,0.242679,0.205174,356686400
1991-04-25,0.533482,0.533482,0.522321,0.522321,0.418599,315380800
1983-12-05,0.088728,0.091518,0.088170,0.090960,0.070202,45158400
1994-12-07,0.334821,0.337612,0.321987,0.327009,0.273350,137300800
2019-01-31,41.527500,42.250000,41.139999,41.610001,39.832802,162958400
2023-08-15,178.880005,179.479996,177.050003,177.449997,176.750931,43622600
2011-07-14,12.893214,12.914643,12.726429,12.777500,10.802772,430533600
1986-03-19,0.119978,0.121652,0.117746,0.118304,0.091306,189884800
2001-05-10,0.432321,0.437500,0.409821,0.410714,0.347239,288976800
1987-11-05,0.323661,0.345982,0.323661,0.339286,0.262595,255360000
2017-03-15,34.852501,35.187500,34.757500,35.115002,32.735180,102767200
1986-12-26,0.186942,0.186942,0.183036,0.183036,0.141265,89868800
1992-06-11,0.479911,0.484375,0.477679,0.481027,0.389805,140515200
1989-01-10,0.379464,0.382813,0.370536,0.380580,0.297707,103320000
2009-09-08,6.177857,6.183571,6.142857,6.176071,5.221576,315047600
2023-01-06,126.010002,130.289993,124.889999,129.619995,128.560852,87754700
2001-09-10,0.303571,0.312500,0.302143,0.310179,0.262242,308845600
2021-04-26,134.830002,135.059998,133.559998,134.720001,132.231506,66905100
2002-05-13,0.420000,0.430179,0.409643,0.427500,0.361431,265608000
1995-03-15,0.316964,0.323661,0.311384,0.312500,0.261940,730968000
2000-07-06,0.937500,0.945313,0.886161,0.925223,0.782232,309545600
2014-11-13,27.950001,28.362499,27.900000,28.205000,25.181128,238091600
1997-12-23,0.117188,0.118862,0.115513,0.115513,0.097661,458830400
1982-08-23,0.068638,0.069196,0.068638,0.068638,0.052974,69686400
2007-08-23,4.753214,4.762143,4.634286,4.681071,3.957624,866838000
2017-07-03,36.220001,36.325001,35.775002,35.875000,33.581718,57111200
2005-01-10,1.246964,1.262500,1.212143,1.231429,1.041115,1725309600
1987-04-08,0.302455,0.313616,0.301339,0.308036,0.237739,230720000
1983-01-13,0.137277,0.138393,0.135045,0.137277,0.105949,82275200
2013-01-17,18.225357,18.241072,17.929644,17.952856,15.313083,453678400
2017-03-09,34.685001,34.697498,34.262501,34.669998,32.320332,88623600
1985-03-01,0.110491,0.111049,0.107143,0.111049,0.085707,247430400
2014-08-27,25.254999,25.642500,25.174999,25.532499,22.696730,209476000
2014-09-15,25.702499,25.762501,25.360001,25.407499,22.585623,245266000
2018-06-11,47.837502,47.992500,47.552502,47.807499,45.447079,73234000
1984-08-29,0.126116,0.126674,0.121652,0.122768,0.094751,74121600
2001-11-21,0.350179,0.353571,0.343929,0.351429,0.297117,201583200
2021-06-01,125.080002,125.349998,123.940002,124.279999,122.191544,67637100
1997-01-27,0.152902,0.154018,0.148438,0.148438,0.125497,214043200
1999-08-18,0.536272,0.553571,0.532366,0.536830,0.453864,468574400
2012-05-07,20.053572,20.456072,20.043928,20.338572,17.195303,460118400
1983-04-29,0.223214,0.226563,0.220424,0.225446,0.173997,308313600
1983-12-16,0.108817,0.111607,0.108259,0.110491,0.085276,184867200
2007-02-21,3.070714,3.196071,3.070000,3.185714,2.693371,1155313600
2020-01-24,80.062500,80.832497,79.379997,79.577499,77.323257,146537600
2014-02-26,18.700357,18.750000,18.414286,18.476786,16.252596,276217200
1990-08-09,0.359375,0.361607,0.350446,0.352679,0.280264,96387200
1982-06-08,0.058594,0.058594,0.058036,0.058036,0.044792,31404800
1997-10-29,0.164621,0.165179,0.154018,0.156250,0.132102,177587200
1995-06-22,0.437500,0.443080,0.434152,0.438616,0.368671,473916800
2012-01-13,14.989286,15.016071,14.952143,14.993214,12.676054,226021600
2019-08-13,50.255001,53.035000,50.119999,52.242500,50.610653,188874000
2010-07-30,9.138929,9.275000,9.103571,9.187500,7.767599,448210000
2011-06-09,11.901786,11.916786,11.812500,11.838929,10.009255,275088800
1982-08-31,0.080357,0.080915,0.080357,0.080357,0.062019,140560000
1984-07-09,0.112165,0.117746,0.110491,0.117188,0.090445,190668800
2023-08-22,177.059998,177.679993,176.250000,177.229996,176.531799,42084200
1998-07-21,0.322545,0.330357,0.317522,0.318080,0.268922,329504000
1987-08-13,0.435268,0.448661,0.433036,0.437500,0.338609,196000000
2021-05-05,129.199997,130.449997,127.970001,128.100006,125.733803,84000900
2002-10-25,0.262321,0.275893,0.260536,0.275357,0.232801,279070400
1984-03-16,0.119420,0.123884,0.117746,0.118862,0.091737,124700800
2004-11-17,0.985536,0.990179,0.968214,0.980357,0.828846,397751200
1985-08-07,0.068080,0.071429,0.066406,0.066406,0.051252,151737600
2017-05-31,38.492500,38.542500,38.095001,38.189999,35.748730,97804800
1988-01-26,0.363839,0.366071,0.350446,0.354911,0.275288,143360000
2012-07-12,21.437143,21.552500,21.167143,21.389286,18.083622,428041600
2021-01-14,130.800003,131.000000,128.759995,128.910004,126.340034,90221800
1990-06-27,0.363839,0.375000,0.359375,0.370536,0.294455,97227200
1996-07-10,0.170759,0.174107,0.167411,0.167411,0.141538,169388800
1981-01-16,0.138951,0.138951,0.138393,0.138393,0.106810,13395200
1992-10-30,0.477679,0.477679,0.464286,0.468750,0.380877,129830400
2010-05-06,9.065357,9.223214,7.116071,8.794643,7.435452,1285860800
2003-02-04,0.258036,0.261607,0.255536,0.260714,0.220421,317413600
1984-11-09,0.110491,0.111049,0.102679,0.103795,0.080108,294134400
2000-02-22,0.983259,1.044085,0.952567,1.016183,0.859135,422296000
1987-09-03,0.468750,0.470982,0.448661,0.457589,0.354158,184800000
2017-02-14,33.367500,33.772499,33.312500,33.755001,31.467340,132904800
1991-08-14,0.488839,0.491071,0.481027,0.489955,0.393665,200715200
1992-01-28,0.578125,0.583705,0.562500,0.582589,0.470279,173723200
2005-08-19,1.652857,1.667857,1.634643,1.636786,1.383825,376569200
1997-06-10,0.149554,0.149554,0.143415,0.145089,0.122666,139048000
1982-08-20,0.065848,0.066406,0.065848,0.065848,0.050821,54857600
1996-09-30,0.197545,0.199777,0.197545,0.198103,0.167487,85444800
2019-12-31,72.482498,73.419998,72.379997,73.412498,71.332909,100805600
1981-10-29,0.088728,0.088728,0.088170,0.088170,0.068049,30486400
1992-08-28,0.395089,0.404018,0.392857,0.401786,0.326466,61241600
1989-10-05,0.397321,0.415179,0.395089,0.406250,0.320120,245280000
1986-06-19,0.152902,0.159598,0.151228,0.156250,0.120592,344646400
2016-06-09,24.625000,24.997499,24.615000,24.912500,22.881800,106405600
1987-10-02,0.520089,0.524554,0.513393,0.522321,0.404258,96499200
2000-07-20,0.982143,1.018973,0.966518,0.984375,0.832243,465572800
2012-07-19,21.831429,21.976786,21.642857,21.940001,18.549231,436861600
1996-02-02,0.257813,0.264509,0.256696,0.261161,0.220799,555979200
1994-05-27,0.270089,0.274554,0.263393,0.267299,0.221999,108684800
2021-04-30,131.779999,133.559998,131.070007,131.460007,129.031738,109839500
2020-05-26,80.875000,81.059998,79.125000,79.182503,77.330826,125522000
1991-04-19,0.544643,0.549107,0.531250,0.532366,0.426649,287302400
2001-05-31,0.353571,0.361429,0.348036,0.356250,0.301193,442892800
2007-01-17,3.484286,3.485714,3.386429,3.391071,2.866989,1646260000
2013-11-15,18.806429,18.896070,18.731787,18.749643,16.394468,317920400
1984-04-12,0.109375,0.116071,0.107701,0.114955,0.088721,78400000
1984-12-17,0.120536,0.121652,0.120536,0.120536,0.093029,125238400
1997-08-12,0.214844,0.216518,0.195313,0.196987,0.166543,1048398400
2003-04-02,0.256429,0.262321,0.254821,0.260714,0.220421,171371200
1996-11-05,0.218750,0.231027,0.218750,0.227679,0.192492,378112000
2024-05-17,189.509995,190.809998,189.179993,189.869995,189.869995,41282900
1991-10-01,0.439732,0.457589,0.437500,0.453125,0.364895,131376000
2009-08-26,6.032857,6.055357,5.955714,5.978929,5.054902,303998800
1985-10-29,0.080357,0.080357,0.079799,0.079799,0.061588,130883200
2009-07-28,5.674286,5.717857,5.628571,5.714286,4.831158,363554800
1989-09-27,0.395089,0.402902,0.392857,0.399554,0.314843,90126400
2008-01-30,4.691786,4.837500,4.642857,4.720714,3.991142,1243051600
1986-08-12,0.148996,0.153460,0.148996,0.152902,0.118008,244160000
2013-12-20,19.479643,19.700357,19.457857,19.607857,17.144876,436413600
2020-08-26,126.180000,126.992500,125.082497,126.522499,123.786575,163022400
2008-10-16,3.563214,3.693929,3.276429,3.638929,3.076542,1980521200
1991-02-15,0.511161,0.522321,0.511161,0.514509,0.412339,365612800
2014-01-06,19.194643,19.528570,19.057142,19.426071,16.985926,412610800
2003-03-21,0.269464,0.270536,0.264643,0.267857,0.226460,297948000
2002-10-04,0.256429,0.257143,0.249821,0.250536,0.211816,190825600
2010-02-03,6.970357,7.150000,6.943571,7.115357,6.015697,615328000
2018-11-12,49.750000,49.962502,48.447498,48.542500,46.469212,204542000
2020-12-24,131.320007,133.460007,131.100006,131.970001,129.339035,54930100
1998-12-22,0.324777,0.340402,0.321429,0.339286,0.286850,1150800000
2019-06-24,49.634998,50.040001,49.542500,49.645000,47.912247,72881600
2010-10-04,10.057143,10.103571,9.920357,9.951429,8.413464,435302000
2005-09-23,1.860714,1.910714,1.851429,1.900000,1.606360,558457200
1991-11-14,0.484375,0.493304,0.482143,0.488839,0.393655,188003200
2010-12-02,11.340357,11.392857,11.246071,11.362500,9.606461,462837200
1995-06-05,0.378348,0.388393,0.376116,0.388393,0.326457,254654400
2000-01-26,0.982143,1.019531,0.979911,0.983817,0.831771,367158400
1988-12-05,0.352679,0.357143,0.345982,0.352679,0.275882,154414400
1989-10-06,0.412946,0.430804,0.410714,0.429688,0.338589,361704000
2019-08-06,49.077499,49.517502,48.509998,49.250000,47.531040,143299200
2014-10-09,25.385000,25.594999,25.152500,25.254999,22.450054,309506000
2001-05-18,0.417143,0.422143,0.412857,0.420179,0.355242,159051200
2012-12-17,18.176071,18.571428,17.901072,18.529642,15.805059,757607200
2011-09-15,13.979643,14.059286,13.925000,14.034286,11.865324,417818800
1992-05-14,0.560268,0.562500,0.537946,0.547991,0.443178,156923200
1990-11-16,0.319196,0.321429,0.310268,0.313616,0.250811,183008000
2019-03-21,47.505001,49.082500,47.452499,48.772499,46.889633,204136800
1985-02-07,0.133929,0.135603,0.133371,0.133371,0.102934,245481600
1992-03-04,0.591518,0.595982,0.578125,0.580357,0.469354,115371200
2019-12-16,69.250000,70.197502,69.245003,69.964996,67.983070,128186000
2015-09-08,27.937500,28.139999,27.580000,28.077499,25.385738,219374400
1983-12-02,0.090402,0.090402,0.088170,0.088728,0.068479,85366400
2023-10-02,171.220001,174.300003,170.929993,173.750000,173.065506,52164500
2018-02-08,40.072498,40.250000,38.757500,38.787498,36.581646,217562000
1983-07-13,0.207031,0.207589,0.202567,0.205915,0.158923,129001600
2000-09-28,0.880580,0.960938,0.859375,0.955357,0.807709,979585600
2014-01-30,17.947857,18.089287,17.739286,17.849285,15.607211,678501600
2016-08-31,26.415001,26.642500,26.410000,26.525000,24.494835,118649600
1984-03-05,0.121652,0.122210,0.117746,0.119420,0.092167,73606400
2021-08-24,149.449997,150.860001,149.149994,149.619995,147.326141,48606400
1985-08-29,0.068080,0.068080,0.066406,0.066406,0.051252,56112000
2009-01-08,3.229643,3.326786,3.215714,3.310714,2.799052,673500800
1981-02-24,0.107143,0.107143,0.106027,0.106027,0.081831,16979200
1982-02-05,0.088170,0.088728,0.088170,0.088170,0.068049,40297600
2014-05-14,21.158215,21.335714,21.133572,21.209642,18.760679,166404000
1999-12-17,0.900670,0.910714,0.879464,0.892857,0.754869,495006400
2021-04-07,125.830002,127.919998,125.139999,127.900002,125.537483,83466700
1989-04-24,0.357143,0.359375,0.352679,0.358259,0.281019,110790400
2019-08-15,50.865002,51.285000,49.917500,50.435001,48.859608,108909600
2017-12-28,42.750000,42.962502,42.619999,42.770000,40.337662,65920800
2009-07-23,5.593929,5.658571,5.555714,5.636429,4.765335,526962800
1987-12-16,0.337054,0.354911,0.332589,0.350446,0.271824,330400000
2015-12-08,29.379999,29.650000,29.215000,29.557501,26.838247,137238000
2023-06-07,178.440002,181.210007,177.320007,177.820007,176.880630,61944600
2008-10-02,3.857500,3.885357,3.571429,3.575000,3.022494,1609364400
2012-09-04,23.777143,24.112143,23.732143,24.106071,20.468048,367892000
1993-11-09,0.276786,0.279018,0.265625,0.268973,0.220920,171248000
2015-05-05,32.037498,32.112499,31.445000,31.450001,28.189045,197085600
2021-05-19,123.160004,124.919998,122.860001,124.690002,122.594673,92612000
2021-04-06,126.500000,127.129997,125.650002,126.209999,123.878700,80171300
2020-01-28,78.150002,79.599998,78.047501,79.422501,77.172668,162234000
1984-06-07,0.129464,0.130022,0.125558,0.128348,0.099058,102547200
2017-01-19,29.850000,30.022499,29.842501,29.945000,27.795057,102389200
2001-03-12,0.351563,0.354911,0.323661,0.332589,0.281188,391020000
2012-05-08,20.342142,20.410713,19.954643,20.292143,17.156050,497252000
2020-07-01,91.279999,91.839996,90.977501,91.027496,88.898827,110737200
1993-05-20,0.511161,0.526786,0.511161,0.524554,0.428058,290528000
2000-02-15,1.029018,1.070871,1.028460,1.062500,0.898293,485744000
2007-06-04,4.236786,4.347500,4.210714,4.333214,3.663526,886673200
1982-10-08,0.097656,0.105469,0.097098,0.104911,0.080969,275542400
2017-01-12,29.725000,29.825001,29.552500,29.812500,27.672064,108344800
1998-01-26,0.173549,0.174665,0.167969,0.173549,0.146727,146440000
2010-02-08,6.988929,7.067143,6.928571,6.932857,5.861402,478270800
2006-05-23,2.316429,2.328214,2.250000,2.255357,1.906798,694414000
1989-03-03,0.314732,0.314732,0.303571,0.310268,0.243375,387777600
2022-04-20,168.759995,168.880005,166.100006,167.229996,165.116577,67929800
1987-05-26,0.332589,0.348214,0.330357,0.348214,0.269157,152252800
1982-08-11,0.059152,0.059710,0.059152,0.059152,0.045653,69888000
1987-12-11,0.310268,0.310268,0.299107,0.303571,0.235465,122080000
1995-09-27,0.334821,0.334821,0.310268,0.323661,0.272790,451236800
1981-10-08,0.082589,0.083147,0.082589,0.082589,0.063741,31091200
2021-07-30,144.380005,146.330002,144.110001,145.860001,143.408905,70440600
1981-12-16,0.087054,0.087612,0.087054,0.087054,0.067187,65452800
1985-08-21,0.068080,0.068080,0.068080,0.068080,0.052543,77011200
1990-11-19,0.316964,0.324777,0.314732,0.324777,0.259737,223910400
2019-07-29,52.115002,52.660000,52.110001,52.419998,50.590385,86693600
1990-01-08,0.334821,0.339286,0.330357,0.339286,0.268012,101572800
2013-09-26,17.357143,17.448570,17.282143,17.365000,15.095618,237221600
1996-07-09,0.174107,0.175223,0.169643,0.169643,0.143425,187824000
1995-06-23,0.435268,0.437500,0.426339,0.435268,0.365857,231963200
1994-06-28,0.234375,0.242188,0.228795,0.238839,0.198362,174227200
2002-11-14,0.283929,0.293036,0.281786,0.291071,0.246087,141713600
1984-06-13,0.130580,0.133371,0.130580,0.132813,0.102504,115718400
1990-08-24,0.314732,0.321429,0.310268,0.316964,0.252644,73416000
